date,num_lessons,total_chars,total_errors,avg_wpm,total_keystrokes,avg_latency,ttfe,error_rate,avg_accuracy,rolling_7d_wpm,rolling_30d_wpm,rolling_7d_error_rate,rolling_30d_error_rate,rolling_7d_latency
2024-02-29,20,2325,128,214.47923473401246,2453,233.35897435897436,115.75,0.055053763440860215,0.9449462365591398,214.47923473401246,214.47923473401246,0.055053763440860215,0.055053763440860215,233.35897435897436
2024-03-01,31,3539,242,193.09035579212028,3781,259.52389705882354,90.35483870967742,0.06838089855891495,0.9316191014410851,203.78479526306637,203.78479526306637,0.06171733099988758,0.06171733099988758,246.44143570889895
2024-03-05,36,4152,249,205.60627365389925,4398,250.95102685624013,92.52777777777777,0.05997109826589595,0.940028901734104,204.39195472667734,204.39195472667734,0.06113525342189038,0.06113525342189038,247.94463275801266
2024-11-11,84,9667,469,237.89903727397376,10040,190.2235363690124,77.10714285714286,0.048515568428674875,0.9514844315713251,212.76872536350143,212.76872536350143,0.0579803321735865,0.0579803321735865,233.5143586607626
2024-11-12,43,4979,202,249.58706576121068,5122,195.76565874730022,87.48837209302326,0.040570395661779474,0.9594296043382206,220.1323934430433,220.1323934430433,0.05449834487122509,0.05449834487122509,225.9646186780701
2024-11-13,71,8091,309,261.84099896494894,8322,193.4116129032258,92.15714285714286,0.03819058212829069,0.9618094178717093,227.08382769669424,227.08382769669424,0.051780384414069354,0.051780384414069354,220.53911771559606
2024-11-14,58,6685,254,276.41715489917976,6874,182.40779014308427,75.93103448275862,0.03799551234106208,0.962004487658938,234.13144586847787,234.13144586847787,0.04981111697506831,0.04981111697506831,215.09178520523724
2024-11-15,61,7069,256,272.0683330792912,7261,185.89670014347203,82.86440677966101,0.03621445749045127,0.9637855425095487,242.35845991780343,238.87355676982955,0.04711978755358132,0.048111534539491185,208.31146031730833
2024-11-16,44,5069,225,256.3940125903777,5237,187.1345755693582,95.5,0.04438745314657724,0.9556125468534228,251.4018394604116,240.82027408322378,0.043692152494675944,0.04769774771805631,197.97012867595615
2024-11-17,43,4976,193,249.43501114598277,5122,205.68076109936575,81.74418604651163,0.038786173633440515,0.9612138263665595,257.6630876735664,241.6817477894997,0.040665734690039444,0.04680659030959473,191.50294785354552
2024-11-18,49,5608,186,271.8020576921617,5738,190.32993512511584,99.74468085106383,0.03316690442225392,0.9668330955777461,262.5063763047361,244.41995778065078,0.03847306840340788,0.045566618865291016,191.518147675846
2024-11-19,46,5231,204,258.6115262788616,5379,187.8549019607843,73.0,0.03899827948766966,0.9610017205123303,263.7955849501148,245.60258848883504,0.03824848037853506,0.04501925725048924,190.38803956348656
2024-12-01,49,5640,252,257.1840915318575,5836,191.4756421612046,91.08163265306122,0.04468085106382979,0.9553191489361702,263.13031245967323,246.49347333829826,0.03917566165504064,0.04499322600536159,190.1114723146264
2024-12-02,50,5733,209,280.8582284783031,5885,180.23854796888506,81.02,0.036455607884179314,0.9635443921158207,263.7647515424051,248.94809870544148,0.03895567530405738,0.044383396139562846,189.80158057545512
2024-12-03,48,5517,210,274.80228645082946,5675,184.29537366548044,77.4375,0.03806416530723219,0.9619358346927678,264.1553163097677,250.67171122180068,0.03921991927788323,0.04396211408407414,189.57281965002772
2024-12-04,46,5233,222,264.77878991241863,5404,185.50280373831777,54.46666666666667,0.042423084272883625,0.9575769157271163,265.3531416414878,251.5534036399643,0.03893929515306986,0.043865924720874735,189.33970938845053
2024-12-05,49,5617,215,277.95505649310815,5775,179.2073608617594,54.06122448979592,0.03827666013886416,0.9617233398611358,269.42743383393434,253.1064420430904,0.038866507510987525,0.0435371444513447,185.55779506879247
2024-12-06,52,5792,232,260.8281191988251,5942,219.05516014234877,133.32,0.04005524861878453,0.9599447513812155,267.8597283348862,253.5354241072979,0.03985055668192047,0.04334370579398025,189.66139864268288
2024-12-07,53,5770,218,247.2127257278411,5930,226.44501718213058,121.40384615384616,0.03778162911611785,0.9622183708838822,266.231328256169,253.20265050837915,0.03967674948598449,0.04305096491619802,195.1742722457324
2024-12-08,53,5775,231,249.80516928959855,5934,220.029590948651,141.78846153846155,0.04,0.96,265.17719650727486,253.03277644744009,0.039008056476865956,0.042898416670388115,199.25340778679615
2024-12-09,54,5862,203,249.25505771168238,5988,232.03755458515283,168.73076923076923,0.03462981917434323,0.9653701808256567,260.66245782632905,252.85288507907066,0.03874722951831794,0.04250467393248122,206.6532658748344
2024-12-10,55,5957,261,251.77738759857567,6149,209.12164429530202,118.85185185185185,0.04381400033573946,0.9561859996642605,257.3731865617214,252.80399882995727,0.03956863452239041,0.042564188768992955,210.1998759648089
2024-12-11,57,6123,244,260.1944508978197,6304,212.6298960831335,133.25,0.03984974685611628,0.9601502531438837,256.71828098820725,253.1253228329078,0.03920101489142364,0.04244616955538962,214.07517487121115
2024-12-12,49,5283,234,228.69268340355435,5450,234.57350096711798,153.41666666666666,0.044293015332197615,0.9557069846678024,249.68079911827095,252.1072961900181,0.040060494204757,0.042523121462756615,221.98462345769096
2024-12-13,49,5297,230,240.87454311714077,5476,217.71247563352827,103.0204081632653,0.04342080422880876,0.9565791957711912,246.8302882494589,251.65798606710297,0.04054128786333189,0.042559028773398705,221.79281138500232
2024-12-14,52,5673,271,241.76498021848906,5882,208.66576332429992,119.38,0.047770139256125506,0.9522298607438745,246.0520388909801,251.2774858421563,0.04196821788333298,0.04275945609965743,219.25291797674078
2024-12-15,56,5946,237,253.25488739866083,6120,213.19800332778703,124.74074074074075,0.03985872855701312,0.9601412714429869,246.54485576370325,251.35072293684166,0.04194803624862057,0.042652021746226156,218.27697688804594
2024-12-16,57,6203,205,263.83231209005453,6345,207.3088116410671,128.0,0.033048524907302916,0.9669514750926971,248.6273206748993,251.79649397802783,0.0417221370676148,0.04230903971626461,214.74429932460512
2024-12-17,55,5967,225,255.17289911035678,6134,210.9051282051282,131.83018867924528,0.03770739064856712,0.9622926093514329,249.11239374801085,251.9129217412116,0.04084976425516162,0.04215036216220608,214.99908274029457
2024-12-18,50,5417,223,235.3199022334836,5584,242.40423572744015,151.96,0.041166697434004064,0.958833302565996,245.55888679596282,251.35982109095397,0.04103790005200273,0.04211757333793267,219.2525598323384
2024-12-19,55,5909,244,257.57525392351914,6095,207.69086251067463,146.94444444444446,0.04129294296835336,0.9587070570316466,249.68496829881497,252.79635506393754,0.040609318285739264,0.04165887932218245,215.41218290998933
2024-12-20,58,6222,214,260.5884524178872,6374,206.7318663406683,161.93103448275863,0.03439408550305368,0.9656059144969463,252.50124105606446,255.04629161812974,0.039319787039202816,0.040525985553653734,213.84352443958076
2024-12-21,55,5899,244,255.00698446147894,6073,211.71070811744386,133.83333333333334,0.041362942871673164,0.9586370571283268,254.39295594792014,256.6929819783824,0.03840447326999535,0.03990571370717965,214.27851655288706
2024-12-22,57,6130,194,264.391517787202,6240,226.3871237458194,127.11320754716981,0.03164763458401305,0.9683523654159869,255.98390314628318,257.5760646621567,0.03723145984528105,0.03934344924569092,216.16267661260596
2024-12-23,59,6323,257,267.1847815390664,6514,201.5691446842526,123.47368421052632,0.04064526332437134,0.9593547366756286,256.46282735328487,258.16265518808524,0.03831670819057654,0.03934594483444398,215.34272419020388
2024-12-24,57,6182,238,263.9390124423491,6354,200.8148443735036,118.96363636363637,0.03849886768036234,0.9615011323196376,257.7151292578552,258.23258897066523,0.038429776337975854,0.03935622101951304,213.90125507140036
2024-12-25,57,6077,179,259.8690142009862,6188,224.93301049233253,172.29090909090908,0.029455323350337338,0.9705446766496627,261.2221452532127,257.68098428072545,0.036756722897452035,0.039071548053155554,211.40536575209927
2024-12-26,58,6135,236,254.60797069364338,6307,206.18705035971223,133.625,0.038467807660961695,0.9615321923390383,260.79824764894477,257.0989722012039,0.03635313213925323,0.0391466597255059,211.19053544481895
2024-12-27,54,5767,210,239.50888262666084,5878,230.26625111308994,134.49019607843138,0.036414080110976244,0.9635859198890238,257.7868805359124,256.5361345357466,0.03664170279752788,0.03888088062431919,214.55259041230775
2024-12-28,56,5922,218,244.43448420026445,6063,220.07762938230383,156.59259259259258,0.03681188787571766,0.9631881121242823,256.2765233557389,256.36945030422265,0.03599155208381995,0.038815071099061765,215.74786487871629
2024-12-29,60,6384,224,265.1015115770213,6541,207.87789799072644,122.32758620689656,0.03508771929824561,0.9649122807017544,256.3779510399988,256.14609876705134,0.03648299275728174,0.03887909826159483,213.10368977084588
2024-12-30,80,8695,293,261.091277183361,8884,202.20650953984287,128.1578947368421,0.03369752731454859,0.9663024726854514,255.50745041775517,256.22875713053463,0.03549045904159278,0.03870240652249079,213.19474189307306
2024-12-31,60,6396,247,265.3316768281558,6577,197.11208967173738,109.83333333333333,0.03861788617886179,0.9613821138211383,255.70640247287045,256.5003433070779,0.03550746168423556,0.038500307692991856,212.6657769356779
2025-01-01,59,6191,255,254.61697834210048,6378,203.06963562753037,129.41379310344828,0.04118882248425133,0.9588111775157486,254.95611163588674,255.6256349692045,0.03718367584622328,0.038658081512994255,209.54243766927758
2025-01-02,59,6177,282,257.7312186015906,6387,203.36829463570857,127.34482758620689,0.045653229723166586,0.9543467702768335,255.40228990845065,255.05659937422988,0.038210164712252546,0.03891105032685873,209.1397582801342
2025-01-03,60,6247,282,256.1751294125189,6462,197.10785091197462,133.2,0.04514166800064031,0.9548583319993597,257.7831823064304,254.76981069089987,0.03945696298220456,0.039001669784450625,204.40284396568913
2025-01-04,60,6340,301,258.4580901444873,6568,195.7990506329114,115.8135593220339,0.04747634069400631,0.9525236593059937,259.7865545841765,254.11991181261251,0.040980456241960075,0.03930832580295536,200.93447557291879
2025-01-05,58,6107,247,250.58030622284838,6288,203.75993511759935,139.10714285714286,0.04044539053545112,0.9595546094645488,257.71209667643745,253.77831804674665,0.04174583784727515,0.03932133053351092,200.34619516247207
2025-01-06,62,6573,218,270.14009715657954,6714,201.99849962490623,129.11666666666667,0.033165982047771186,0.9668340179522288,259.00478524404014,254.54256376103788,0.0416699028091641,0.03916747563123269,200.31647946033826
2025-01-07,50,5120,279,223.45997491623325,5343,214.05871029836382,118.04081632653062,0.0544921875,0.9455078125,253.02311354233692,253.66439061525907,0.043937660140755265,0.03965054854789936,202.73742526414205
2025-01-08,74,7949,355,252.93069066271823,8220,196.11266709102483,117.95945945945945,0.044659705623348846,0.9553402943766511,252.7822153024252,253.78691171362692,0.04443350058919777,0.03998487809619954,201.74357261606983
2025-01-09,61,6354,279,261.65897153998117,6568,195.6629746835443,133.26666666666668,0.043909348441926344,0.9560906515580736,253.34332286505241,254.1162978450071,0.044184374691877734,0.039988056366405775,200.64281262290348
2025-01-10,62,6514,238,266.9842254459316,6687,199.30105105105105,146.16129032258064,0.03653669020571078,0.9634633097942892,254.88747944125421,254.34262366327752,0.04295509214974493,0.039877621144725595,200.95612692848587
2025-01-11,64,6681,265,264.8778517526847,6874,189.231778425656,114.92063492063492,0.03966472085017213,0.9603352791498279,255.80458824242527,255.54879594158183,0.04183914645776863,0.039723344661991414,200.01794518459224
2025-01-12,62,6505,287,264.51204004247256,6718,193.24693251533742,100.65573770491804,0.04411990776325903,0.955880092236741,257.794835930943,256.3367125057596,0.04236407749031262,0.03974664811313975,198.51608766998336
2025-01-13,61,6400,204,260.74662760135703,6536,210.80525502318392,143.140350877193,0.031875,0.968125,256.45291170876834,256.9694340851885,0.04217965148348816,0.03921681013793557,199.77419558402306
2025-01-14,62,6275,212,259.369960690239,6416,214.78955572876072,134.17543859649123,0.03378486055776892,0.966215139442231,261.58290967648344,257.17326986157445,0.03922146192031229,0.0390143478712941,199.87860207407974
2025-01-15,64,6715,245,269.20259493644704,6884,189.32956259426848,112.0952380952381,0.03648548026805659,0.9635145197319435,263.9074674298733,257.35227928978753,0.03805371544098483,0.039128913049985885,198.9095871459717
2025-01-16,65,6774,273,220.87603851969695,6961,230.11432706222865,129.28125,0.04030115146147033,0.9596988485385297,258.08133414126127,256.2090506034322,0.03753825872949111,0.039215371743749325,203.8312089143552
2025-01-17,65,6876,240,277.0248286747501,7046,189.34452554744524,116.87301587301587,0.034904013961605584,0.9650959860383944,259.51570603109246,257.5992148181411,0.03730501926604751,0.03900661562800271,202.40884812812575
2025-01-18,98,10914,421,281.6324293429766,11193,178.0113686051596,93.45833333333333,0.03857430822796408,0.961425691772036,261.9092171154199,258.4011206654563,0.03714924603430351,0.03891599446998973,200.80593243948346
2025-01-19,64,6687,246,264.7327154067409,6865,193.33033033033033,122.50819672131148,0.036787797218483624,0.9632122027815164,261.94074216745827,258.5392627650848,0.03610180167076416,0.03899578486050406,200.81784641305384
2025-01-20,63,6594,257,266.2498007738856,6772,195.19103773584905,133.08196721311475,0.03897482559902942,0.9610251744009706,262.72690976353374,258.9140233088317,0.0371160624706255,0.038916180951415934,198.58724394343457
2025-01-21,65,6811,196,277.7558012033824,6937,197.43383947939262,126.83333333333333,0.02877697841726619,0.9712230215827338,265.3534584082685,259.35949942270435,0.03640065073626797,0.03882049241252438,196.10785590781057
2025-01-22,65,6733,251,272.39688797485667,6903,189.43654434250766,132.1846153846154,0.03727907322144661,0.9627209267785534,265.8097859851842,259.53323630389735,0.03651402115818083,0.03870828607576022,196.12313901470188
2025-01-23,67,7008,235,284.16020539698417,7167,185.4314013206163,135.53846153846155,0.03353310502283105,0.966466894977169,274.8503812533681,260.2072760690519,0.03554715738123236,0.03854276065384251,189.73986390875726
2025-01-24,67,6834,266,270.3511323999132,7018,193.01290812452544,137.47692307692307,0.038923031899326895,0.9610769681006731,273.8969960712485,260.55668000901613,0.03612130280090684,0.03885835093880883,190.26391856262586
2025-01-25,64,6504,279,258.1070580144724,6695,192.12699619771863,120.88524590163935,0.04289667896678967,0.9571033210332103,270.5362287386051,260.67331625304377,0.036738784335024775,0.039005979982336424,192.28043679013427
2025-01-26,64,6564,230,261.15360947335785,6708,200.7657794676806,126.79032258064517,0.03503960999390616,0.9649603900060938,270.02492789097886,261.39480714793365,0.03648904330294228,0.03896016431176742,193.34264380975577
2025-01-27,64,6707,252,268.2888600574525,6872,189.68713450292398,109.79310344827586,0.037572685254212014,0.962427314745788,270.3162220743456,262.18995300983994,0.03628873753939694,0.03898552422438391,192.5563719193379
2025-01-28,66,6973,245,281.29108729465526,7148,179.40503744043568,111.20338983050847,0.035135522730532054,0.9648644772694679,270.8212629445274,262.72960553376106,0.03719710101272063,0.038987117672126786,189.98082877091545
2025-01-29,71,7349,255,294.110335188528,7526,176.97929191716767,121.81818181818181,0.03469859844876854,0.9653014015512315,273.9231839750519,263.83024080059994,0.03682846175948091,0.03902048670993411,188.20122128158118
2025-01-30,60,6279,236,250.59405698330812,6441,202.11611374407582,129.10169491525423,0.037585602802994104,0.9624143971970059,269.12801991595535,263.3389868057717,0.03740739001378992,0.03898607726407186,190.5847516277897
2025-01-31,72,7463,233,297.7096749482824,7607,179.4096463022508,116.26470588235294,0.031220688731073296,0.9687793112689267,273.0363831371509,264.77541002597775,0.03630705527546797,0.03865380613896593,188.64142851032187
2025-02-01,66,6963,284,281.0737706746707,7165,179.65151515151516,117.77777777777777,0.040787017090334624,0.9592129829096654,276.31734208860786,265.5534950950804,0.036005675007402975,0.03849159905120487,186.8592169322928
2025-02-02,65,6850,226,277.8465775001704,6963,192.35051546391753,133.53125,0.03299270072992701,0.967007299270073,278.7020518067239,266.27587669800215,0.03571325939826309,0.038086633475514414,185.65703636032666
2025-02-03,68,7142,226,285.759171433736,7296,182.9908963585434,133.63492063492063,0.03164379725567068,0.9683562027443293,281.1978105747644,267.18591274097713,0.03486627539847147,0.03755888202756989,184.70043091112944
2025-02-04,69,7193,256,289.7103626610629,7376,181.79397672826832,122.46268656716418,0.03559015709717781,0.9644098429028222,282.4005641985369,268.4902479555842,0.03493122316513515,0.03739704091296079,185.04170795224837
2025-02-05,66,6845,212,273.8868567306106,6980,191.07396449704143,106.70491803278688,0.030971512052593134,0.9690284879474068,279.51149584740585,268.6151399413853,0.03439878225139581,0.037323891913121514,187.05523260651606
2025-02-06,64,6768,218,275.131161995897,6906,198.44053851907256,141.31147540983608,0.03221040189125295,0.9677895981087471,283.01679656349,270.33751284404076,0.03363089640686136,0.03658116572616329,186.53015043151558
2025-02-07,69,7294,235,291.90382598938635,7454,184.5865580448065,105.06451612903226,0.03221826158486427,0.9677817384151357,282.187389569362,271.6366173549297,0.033773406814545784,0.03616645092488047,187.2697092518807
2025-02-08,66,6967,250,281.549495991163,7141,183.06602475928474,109.93939393939394,0.03588345055260514,0.9641165494473949,282.2553503288609,272.29963483663573,0.03307289730915586,0.03589892099523642,187.75749633870493
2025-02-09,66,6847,244,273.58806576251834,7007,190.86709770114942,110.90322580645162,0.03563604498320432,0.9643639550167957,281.6469915091963,272.51976284718864,0.033450517916766905,0.035868899487819544,187.54557951545232
2025-02-10,72,7588,218,302.1420091478269,7712,179.16769801980197,128.77941176470588,0.028729573010015816,0.9712704269899842,283.9873968969236,273.7619014270267,0.03303420016738763,0.035504394559814335,186.99940832420356
2025-02-11,73,7730,221,308.1408196859089,7872,175.00611620795107,119.68571428571428,0.028589909443725744,0.9714100905562743,286.62031932904443,275.2161940818079,0.032034164788323057,0.03498672794916322,186.02971396415825
2025-02-12,37,3471,120,263.5989512497253,3548,198.09943977591035,158.27027027027026,0.03457216940363008,0.9654278305963699,285.1506185460608,275.3112715367535,0.03254854440989976,0.03507663359595089,187.03335328971093
2025-02-13,72,7532,210,302.5401109886379,7664,181.96973772696705,124.76923076923077,0.027881040892193308,0.9721189591078067,289.06618268788094,276.75027654670015,0.031930064267176955,0.034879839607098374,184.68038174798158
2025-02-14,72,7618,214,305.4849550819445,7749,183.90464081373173,126.6376811594203,0.028091362562352323,0.9719086374376477,291.0063439868178,277.9596885515501,0.03134050726396096,0.0346000356835749,184.5829650006852
2025-02-15,72,7540,221,302.04306387099064,7679,175.99566563467494,123.65151515151516,0.029310344827586206,0.9706896551724138,293.93399654107895,280.66525606325985,0.030401492160386828,0.03423367546244542,183.5729136971695
2025-02-16,71,7462,240,296.83395505152424,7626,175.44753086419752,100.57352941176471,0.032162958992227285,0.9678370410077727,297.2548378680798,281.325560275819,0.02990533701881868,0.034142306963466144,181.3701184347478
2025-02-18,73,7597,221,306.61620003415237,7723,174.2167300380228,107.83076923076923,0.029090430433065684,0.9709095695669343,297.89400799469774,282.15835263219157,0.029956888079254375,0.0338261777036362,180.66283729449364
2025-02-19,75,7931,227,312.68440741666427,8080,173.6551326412918,103.17391304347827,0.028621863573319885,0.9713781364266801,298.5430919562342,283.75674236585564,0.02996145295491068,0.03355397991546407,180.46983964211375
2025-02-20,74,7690,225,303.8040776144237,7820,176.0268370607029,98.8,0.029258777633289986,0.97074122236671,304.2866814369054,285.00855159387356,0.029202396987719238,0.03323011164993943,177.3166106827984
2025-02-21,72,7654,240,305.31666410424475,7810,171.3002421307506,113.45714285714286,0.03135615364515286,0.9686438463548471,304.6833318819921,285.9272470239023,0.029698841666713462,0.033316084157535654,175.79239702619603
2025-02-22,68,7035,231,281.72010921853916,7192,190.2765657987333,125.57575757575758,0.03283582089552239,0.9671641791044776,301.2883539015056,286.2380210653584,0.0303766214285949,0.03316797574667151,176.70267202405338
2025-02-23,76,8054,223,322.4984712905568,8195,166.81855309218204,106.35211267605634,0.027688105289297243,0.9723118947107028,304.2105549614436,287.5159632618108,0.030144872923125045,0.03297314242222039,175.39165594655444
2025-02-24,77,8122,230,321.9236859525297,8267,166.86488027366022,102.26086956521739,0.028318148239349913,0.9716818517606501,307.7948022330158,289.2350483802314,0.029595614244142563,0.03261964630022115,174.1655630050491
2025-02-25,73,7492,274,298.28439986670855,7678,171.68457300275483,102.04545454545455,0.03657234383342232,0.9634276561665777,306.60454506623813,290.5742931086392,0.030664459015622085,0.0324088351291089,173.8038262857251
2025-02-26,77,8027,249,318.8244328178651,8187,167.01551956815115,132.75342465753425,0.031020306465678337,0.9689796935343217,307.481691552124,292.49665388678943,0.031007093714530438,0.032274858344834643,172.8553101324193
2025-02-27,36,3285,139,247.32258692524374,3378,201.46360759493672,149.41666666666666,0.042313546423135465,0.9576864535768645,299.4129071679554,291.79777811571586,0.03287206068450836,0.032432887050465424,176.48913449445268
2025-02-28,74,7681,243,303.731838321537,7842,172.21612903225807,114.34722222222223,0.031636505663325085,0.9683634943366749,299.1865034847114,292.54580314994524,0.032912110972818674,0.03231625314822519,176.61997548038235
2025-03-01,72,7391,232,295.8484270146584,7518,181.50236008091707,125.6231884057971,0.03138952780408605,0.9686104721959139,301.20483459844274,292.6037395441496,0.03270549767404206,0.032205950793402445,175.3665175206943
2025-03-02,64,6554,226,264.5678133308429,6631,195.4130094043887,108.70967741935483,0.034482758620689655,0.9655172413793104,292.92902631848364,293.0695314224007,0.03367616243566955,0.03210252265399229,179.45143985100952
2025-03-03,74,7546,251,301.25105752071454,7699,171.95338148391332,108.68115942028986,0.0332626557116353,0.9667373442883647,289.9757936853672,293.1875775081484,0.03438252064599603,0.03217058822001103,180.1783685953314
2025-03-04,72,7449,259,299.33779433277607,7630,175.92998678996037,116.13432835820896,0.034769767754060946,0.9652302322459391,290.1262786090911,293.796378296752,0.034125009777515834,0.03197001324213524,180.78485627921788
2025-03-05,74,7661,215,305.9016126488174,7797,173.0253164556962,115.87878787878788,0.028064221381020753,0.9719357786189793,288.28016144208425,294.7315461350402,0.03370271190827904,0.0318057305971717,181.64339869172434
2025-03-06,74,7627,264,304.2241385373556,7809,169.51915455746368,123.72222222222223,0.034613871771338664,0.9653861282286613,296.4089545295288,295.3470450384942,0.03260275838659378,0.031904733081027294,177.0799054006568
2025-03-07,74,7653,283,303.5325441900697,7852,168.5301282051282,110.98630136986301,0.03697896249836665,0.9630210375016334,296.3804839393192,295.80778442279444,0.03336596650588543,0.03195102659440026,176.55333385392396
2025-03-09,68,6984,243,281.85833790594916,7104,189.0206847360913,87.640625,0.03479381443298969,0.9652061855670103,294.3818997809322,296.0735004619724,0.033852293167157384,0.03207843667374681,177.62738023323453
2025-03-10,74,7590,236,303.35310588642017,7740,172.28802588996763,113.08695652173913,0.031093544137022398,0.9689064558629776,299.9226558603004,297.0142319249898,0.03336811966949063,0.03204120808193913,174.32381115974584
2025-03-11,77,8045,226,324.1929112307454,8178,164.15760197775032,108.47142857142858,0.028091982597886887,0.9719080174021131,303.20006353316194,298.0905347663685,0.03262945208181229,0.03190366544903988,173.2101283731511
2025-03-12,76,7855,222,312.580503765735,7993,173.9525641025641,117.18571428571428,0.028262253341820497,0.9717377466581795,305.09187916644174,299.1249016921875,0.03169980716577793,0.03164962554201372,172.92763941780876
2025-03-13,74,7817,253,316.29725106596044,7989,167.74125412541255,101.36619718309859,0.03236535755404887,0.9676346424459511,306.5769703688908,300.54854120230226,0.03231425519049624,0.031540602627708546,172.1727733706254
2025-03-14,73,7506,283,302.3560677714128,7699,170.0697050938338,118.62857142857143,0.037703170796695974,0.9622968292033041,306.3101031166133,300.5556764897552,0.03275558362269013,0.031839722553931214,172.2514234472497
2025-03-15,75,7763,279,311.8601668390556,7957,166.5621727748691,107.01369863013699,0.03593971402808193,0.9640602859719181,307.49976349503976,300.6796547281934,0.03260711955550661,0.03208471604007642,171.97028695721266
2025-03-16,74,7652,300,305.27827186562087,7846,167.1290322580645,111.45833333333333,0.03920543648719289,0.9607945635128071,310.84546834642146,302.0689654153899,0.03323735127753563,0.03223915827619518,168.8429080317803
2025-03-17,74,7676,233,306.23018943538597,7830,176.8458064516129,129.82857142857142,0.030354351224596145,0.9696456487754038,311.256480281988,302.1919680302815,0.03313175229004617,0.032321601953941945,169.49401954058675
2025-03-18,75,7701,266,307.3690471337921,7871,166.92140575079873,91.53521126760563,0.03454096870536294,0.9654590312946371,308.85307112528034,302.25477109867643,0.03405303601968561,0.03253658882537563,169.88884865102224
2025-03-19,75,7731,249,305.7209379595002,7898,171.04177215189873,110.37142857142857,0.03220799379123011,0.9677920062087699,307.87313315296115,302.3773669016267,0.034616713226744124,0.03263317712416376,169.47302122949864
2025-03-20,72,7492,286,301.0128978258956,7693,170.92633015006822,110.67142857142858,0.03817405232247731,0.9618259476775227,305.6896541186661,302.5166649941058,0.035446526765091045,0.032833546901838755,169.92803209016373
2025-03-21,72,7464,293,295.0682356062636,7673,166.3933110367893,94.0,0.0392550911039657,0.9607449088960343,304.64853523793056,302.13173284650946,0.03566822966612958,0.03317236892420209,169.40283293915738
2025-03-22,73,7552,267,301.7521018177746,7730,174.13678010471205,112.28571428571429,0.035354872881355935,0.964645127118644,303.2045259491761,301.7673226598798,0.035584680930883,0.033396802567803294,170.4849197005635
2025-03-23,78,8095,262,325.2409266546125,8260,162.7201238390093,104.93243243243244,0.0323656578134651,0.9676343421865349,306.05633377617494,302.48188429455274,0.034607569691779035,0.0335003652404758,169.8550756406985
2025-03-24,78,8079,244,320.68984666323547,8232,162.38784461152883,108.61643835616438,0.03020175764327268,0.9697982423567273,308.12199909443916,302.9943237131858,0.03458577060873282,0.03346188537374646,167.78965252068642
2025-03-25,72,7434,259,294.6816445997937,7611,171.19436813186815,95.72727272727273,0.03483992467043315,0.9651600753295668,306.30951301815367,303.426374892561,0.03462847860374286,0.03352868883291015,168.4000757179821
2025-03-26,77,7990,250,316.25894513014134,8159,165.5,115.01351351351352,0.03128911138923655,0.9687108886107635,307.81494261395954,303.2183906872138,0.034497209689172345,0.0336487223695748,167.60839398199656
2025-03-27,75,7660,232,306.0958034087483,7813,173.6619812583668,123.33823529411765,0.030287206266318537,0.9697127937336815,308.5410719829385,302.6907946024211,0.03337051739543538,0.03371435763714042,167.99920128318203
2025-03-28,73,7488,307,295.58721442827294,7717,166.74193548387098,106.85714285714286,0.040998931623931624,0.9590010683760684,308.6152118146541,302.60088842113987,0.033619637469716225,0.03386191056349073,168.0490047756223
2025-03-29,73,7457,293,295.5712439288054,7672,174.4854932301741,93.98571428571428,0.03929194045862948,0.9607080595413705,307.73223211622997,301.82578212483793,0.03418207569504102,0.0341376316965891,168.09882093640257
2025-03-30,71,7200,284,289.8836031938879,7381,173.44544198895028,104.68571428571428,0.03944444444444444,0.9605555555555556,302.681185907555,303.244482667126,0.035193330928038065,0.034041994963966066,169.631009243537
2025-03-31,78,8045,225,319.77707910735563,8182,167.6404282115869,116.87142857142857,0.027967681789931635,0.9720323182100684,302.5507905424293,303.77932402665334,0.03487417723470363,0.033919700834852955,170.3813783292596
2025-04-01,74,7527,248,300.8961199446253,7696,173.92677966101695,128.57142857142858,0.03294805367344227,0.9670519463265578,303.4385727345481,303.94758045765224,0.03460390994941922,0.033971651697164824,170.7717228334237
2025-04-02,84,8774,297,310.94935533951,8975,167.5025611838361,108.21428571428571,0.03385001139731023,0.9661499886026897,302.68005990731507,305.4936318579411,0.03496975280771546,0.03395056012305218,171.05780300254315
2025-04-03,73,7512,266,299.9996150131877,7688,171.85657370517927,108.97142857142858,0.03541001064962726,0.9645899893503728,301.80917585080635,305.45191710769024,0.03570158200533099,0.03402213862098524,170.7998876378021
2025-04-04,58,5748,180,287.32170656781676,5852,181.73264781491002,107.82352941176471,0.031315240083507306,0.9686847599164927,300.6283890135984,305.0513808488583,0.03431819749955609,0.03390698769863345,172.94141797080766
2025-04-05,75,7729,260,309.1368145308927,7904,164.6,110.6231884057971,0.033639539397075945,0.966360460602924,302.5663276710394,305.1592209115941,0.03351071163361987,0.034092831632501965,171.52920465221135
2025-04-06,79,8180,255,327.1555655144932,8342,158.2192513368984,112.97297297297297,0.03117359413202934,0.9688264058679706,307.8908937168402,305.92360181083205,0.032329161588989144,0.03397815571119165,169.3540345590611
2025-04-07,79,8207,250,327.43063579695774,8372,155.00748299319727,104.12162162162163,0.030461800901669306,0.9695381990983307,308.9842589582119,306.72020486439493,0.03268546431923738,0.033760916991301744,167.54932809929116
2025-04-08,81,8427,246,332.8776739539183,8575,161.3927227101631,111.9054054054054,0.02919188323246707,0.970808116767533,313.55305238811087,308.42084939932727,0.03214886854195521,0.03357418595128432,165.75874853488344
2025-04-09,64,6555,265,263.62973601913444,6749,191.2737556561086,112.95161290322581,0.04042715484363082,0.9595728451563692,306.79310677091445,307.0967370704177,0.03308846046285815,0.03388530630817126,169.1546334594938
2025-04-10,73,7487,242,299.29873070136085,7641,173.85887096774192,106.71014492753623,0.032322692667289966,0.9676773073327101,306.69298044065346,306.26693105277155,0.032647415036809964,0.03402632997715137,169.44067592557417
2025-04-11,70,7148,261,290.1747889653073,7323,178.42,106.34848484848484,0.03651371012870733,0.9634862898712927,307.10056364029487,305.5200738927573,0.03339005361469568,0.03430137853671426,168.96744052344417
2025-04-12,77,7956,255,319.45145454388535,8102,165.2485436893204,113.0958904109589,0.03205128205128205,0.967948717948718,308.57408364215104,305.62521400868815,0.03316315970815369,0.0342909093532887,169.0600896219185
2025-04-13,76,7808,246,310.21709939386807,7961,165.02503128911138,103.54929577464789,0.0315061475409836,0.9684938524590164,306.15430276777596,305.8872483961033,0.033210667338004304,0.03408434191143162,170.0323439008061
2025-04-14,62,6342,267,254.31653886305085,6538,187.3148288973384,100.05084745762711,0.042100283822138124,0.9578997161778618,295.7094317772179,303.9691274635698,0.03487330775521414,0.03428969423790016,174.6476790299691
2025-04-15,70,7186,272,285.80322067631784,7378,179.86518415566366,127.34848484848484,0.03785137767881993,0.96214862232118,288.9845098804178,303.31995909059304,0.036110378390407406,0.034244558944287726,177.28660209361206
2025-04-16,76,7781,270,307.5809562494219,7968,166.90561224489795,100.93150684931507,0.03469991003727027,0.9653000899627298,295.2632556276017,303.36498465106087,0.03529220056092732,0.0343894109047102,173.8054387491534
2025-04-17,70,7144,293,285.3681900115891,7354,175.3816155988858,100.02898550724638,0.04101343784994401,0.958986562150056,293.27317838620576,302.6316227469875,0.03653373558702076,0.03460515987619624,174.02297369645967
2025-04-18,75,7641,271,303.77960874422587,7828,174.1447455386649,95.88571428571429,0.03546656196832875,0.9645334380316712,295.2167240689084,302.56691177314497,0.03638414299268096,0.034713778815432854,173.41222305912606
2025-04-19,77,7863,301,309.8074142255213,8064,161.86629353233832,105.03896103896103,0.03828055449573954,0.9617194455042605,293.8390040234279,302.86006231979917,0.037274039056174886,0.03471732888787493,172.92904446527152
2025-04-20,78,7950,266,317.159047167347,8103,163.16656071201527,107.45070422535211,0.033459119496855344,0.9665408805031447,294.8307108482105,303.59642270516866,0.03755303504987085,0.03452412983430458,172.66354866854346
2025-04-21,71,7309,293,290.4551171865751,7513,172.76164383561644,116.17391304347827,0.040087563278150225,0.9599124367218498,299.9933648944283,303.2198565507953,0.03726550354358687,0.0346818861808644,170.5845222311546
2025-04-22,70,7297,302,292.6754386605901,7520,169.03800140745955,97.1304347826087,0.04138687131697958,0.9586131286830204,300.9751103207529,302.1343402843279,0.03777057406332396,0.03498259329764821,169.03778183855405
2025-04-23,70,7127,277,286.3184540091804,7323,175.74565670604588,112.52941176470588,0.03886628314858987,0.9611337168514101,297.9376100007184,300.9886271958594,0.03836577022208391,0.035271410814492116,170.30064533300376
2025-04-24,72,7372,256,293.85386476537803,7545,177.03542780748663,113.84285714285714,0.03472599023331525,0.9652740097666848,299.1498492512597,300.9610345347122,0.03746756341970837,0.03526761299992152,170.53690421994673
2025-04-25,72,7379,256,293.8954365327561,7555,175.02442244224423,110.6056338028169,0.03469304783846049,0.9653069521615395,297.73782464962113,300.2155842481327,0.03735706140115576,0.03538107754822899,170.6625723490295
2025-04-26,74,7612,285,304.70874425322893,7802,166.39777922926191,103.54794520547945,0.03744088281660536,0.9625591171833946,297.00944322500794,300.1693489429487,0.03723710830413659,0.035619533433238544,171.30992744859
2025-04-27,76,7819,296,312.01311053339106,8029,161.60532994923858,101.35135135135135,0.0378565033891802,0.9621434966108198,296.27430942015707,300.7168788131193,0.03786530600304013,0.035514785825413495,171.08689448247904
2025-04-28,73,7507,293,297.9564345354283,7716,169.75494071146244,106.68055555555556,0.03903023844411882,0.9609697615558812,297.345926184279,300.7963851666734,0.037714259598178514,0.03550606242492981,170.65736546474275
2025-04-29,73,7530,252,300.80512373349745,7696,172.35927727588603,106.76811594202898,0.03346613545816733,0.9665338645418327,298.5073097661229,301.1604358513271,0.036582725904062474,0.035306785458720576,171.1318334459465
2025-04-30,72,7416,275,296.5818625970471,7601,174.3023097826087,106.25352112676056,0.03708198489751888,0.9629180151024811,299.973510992961,300.38726196765015,0.03632782615390948,0.035610595562306814,170.92564102831264
2025-05-01,74,7605,281,304.2644135953754,7790,167.9253438113949,102.75714285714285,0.03694937541091387,0.9630506245890861,301.4607322543892,300.49953842267513,0.03664545260785213,0.03574397295355587,169.62420045744238
2025-05-02,80,8131,295,324.26880777837926,8318,160.40270935960592,108.07692307692308,0.03628090025827081,0.9637190997417292,305.7997852894782,300.94352017063744,0.03687228866782504,0.03582500258225455,167.53538430277976
2025-05-03,25,1948,76,239.56601116023683,1996,204.8342245989305,178.76,0.039014373716632446,0.9609856262833676,296.49368056190787,298.9290667088724,0.03709707308211462,0.035945148017821386,173.0263050698753
2025-05-04,76,7692,241,315.45558528163593,7847,169.08604206500956,115.41428571428571,0.03133125325013,0.96866874674987,296.98546266880004,299.86686266599975,0.03616489449082173,0.03594568179004216,174.09497822927113
2025-05-05,73,7455,250,295.96048443117195,7624,174.63636363636363,111.22857142857143,0.0335345405767941,0.9664654594232059,296.70032693962054,299.4276516626757,0.03537979479548963,0.035942181829366086,174.79232436139992
2025-05-06,75,7566,260,298.55548496434943,7731,172.76504854368932,107.67142857142858,0.03436426116838488,0.9656357388316151,296.3789499725994,298.47431564433754,0.03550809846837786,0.036048537397244604,174.8502916853718
2025-05-07,79,8067,252,321.3024734780827,8218,162.24969097651422,112.01333333333334,0.031238378579397545,0.9687616214206024,299.9104658127474,298.2700435670417,0.034673297565789095,0.03607442331983555,173.12848899878685
2025-05-08,76,7738,258,304.4453714814577,7909,168.23886378308586,101.85915492957747,0.03334194882398553,0.9666580511760144,299.93631693933054,297.32230015129306,0.034157950910513615,0.036212758839552835,173.1732775661713
2025-05-09,77,7897,298,316.46818485925724,8103,160.7247298156389,98.78666666666666,0.03773584905660377,0.9622641509433962,298.82194223659883,299.0835817792971,0.034365800738846895,0.036123048646651924,173.21928048846172
2025-05-10,78,8056,279,318.62032022813077,8246,159.89477040816325,106.52631578947368,0.0346325719960278,0.9653674280039722,310.1154149605836,299.72763476352276,0.0337398290644748,0.03620004462427652,166.79935846120927
2025-05-11,76,7703,289,307.14523757937576,7899,161.068093385214,107.22972972972973,0.03751785018823835,0.9624821498117616,308.92822243168933,300.29331638399174,0.03462362862706171,0.036233515959594224,165.65393722123846
2025-05-12,76,7826,287,307.73426345794604,8031,165.22735790131168,100.5,0.03667262969588551,0.9633273703041145,310.61019086408567,299.90274334779383,0.0350719270726462,0.036387560881081006,164.30979354480246
2025-05-13,77,7949,259,315.71048004108525,8112,164.91754494730316,102.89041095890411,0.032582714806893946,0.9674172851931061,313.06090444647646,300.0858560360344,0.034817420449576066,0.036423446456611344,163.18872160246158
2025-05-14,78,8088,249,321.4704410357171,8244,157.1501014198783,119.85333333333334,0.030786350148367954,0.969213649851632,313.08489981185284,302.32431944178995,0.03475284495942898,0.03604631533415235,162.46020880865646
2025-05-15,79,8147,217,324.22224383407263,8275,162.34520025429117,105.89041095890411,0.026635571375966612,0.9733644286240334,315.9101672907978,303.6049535470484,0.03379479103828342,0.035672455124057235,161.61825687597153
2025-05-16,69,7108,292,283.176067626243,7317,176.88980150581793,101.86567164179104,0.04108047270680923,0.9589195272931907,311.1541505432244,302.79145725960905,0.0342725944168842,0.0358851405463752,163.92755283171135
2025-05-17,77,7911,319,317.23552984714905,8138,157.17450495049505,100.49333333333334,0.04032360005056251,0.9596763999494375,310.95632334594126,303.85370192079444,0.035085598424674874,0.03586214595306248,163.5389434806159
2025-05-18,80,8224,275,327.6598670476222,8396,160.30119760479042,102.88157894736842,0.03343871595330739,0.9665612840466926,313.8869846985479,304.6497105309076,0.03450286496254188,0.03579455108589511,163.4293869405554
2025-05-19,78,8050,253,321.15491589272085,8206,164.83577533577534,107.48684210526316,0.03142857142857143,0.9685714285714285,315.8042207606586,305.02796058648096,0.03375371378149701,0.035566151650322834,163.37344657405018
2025-05-20,78,8016,288,317.3637245409704,8216,161.18187422934648,100.46666666666667,0.03592814371257485,0.9640718562874252,316.04039854635647,305.0347831656017,0.03423163219659428,0.03564845245751349,162.83977932862783
2025-05-21,72,7294,278,289.7739293002323,7478,172.9716216216216,84.2463768115942,0.0381135179599671,0.9618864820400329,311.51232544128726,305.0120769027236,0.03527837045539416,0.03558265094690738,165.09999650030542
2025-05-22,75,7646,250,305.41965427996786,7797,166.18147448015122,88.52941176470588,0.03269683494637719,0.9673031650536228,308.8262412192722,305.43688409003624,0.036144265251167096,0.0352929830678873,165.64803567542828
2025-05-23,82,8515,235,339.2858561299209,8658,157.72628571428572,102.23076923076923,0.02759835584263065,0.9724016441573693,316.84192529122623,307.2024641607276,0.03421824855628445,0.034917385491021996,162.91039056235226
2025-05-24,103,10962,375,329.6352940283553,11219,153.960647135986,88.78125,0.034209085933223866,0.9657909140667761,318.61332017425565,308.3951784694935,0.03334474653952178,0.03490015534768562,162.4512680174224
2025-05-25,79,8091,255,322.3500382879066,8252,158.56505803298717,107.66216216216216,0.03151649981460882,0.9684835001853912,317.85477320858206,309.34366519466516,0.03307014423399342,0.034794270413557225,162.20324807859336
2025-05-26,80,8287,314,328.68496322935187,8495,152.2125890736342,104.6025641025641,0.03789067213708218,0.9621093278629178,318.9304942566722,310.14287249386933,0.03399330147806638,0.03480926339090646,160.39993575543033
2025-05-27,74,7648,272,302.6412129071656,7840,172.53820598006644,106.46575342465754,0.03556485355648536,0.9644351464435147,316.82727830898574,309.83047590632845,0.03394140288433931,0.034732875063149954,162.02226886267607
2025-05-28,81,8222,278,326.14201114683664,8412,155.7031847133758,103.15584415584415,0.03381172464120652,0.9661882753587935,322.0227185727864,310.7699951267087,0.033326860981659226,0.03455892460305288,159.55534930435525
2025-06-01,69,7080,267,283.16895471936766,7268,179.72202674173118,114.10606060606061,0.03771186440677966,0.9622881355932204,318.8440472069864,310.1821228262377,0.03404329376171673,0.034700448901339956,161.48971391315237
2025-06-02,79,8073,258,318.7940872419672,8239,159.10612492419648,101.17567567567568,0.031958379784466744,0.9680416202155333,315.9166516515644,310.92253031440174,0.03466615432483616,0.03452966206423823,161.68683380028247
2025-06-03,81,8352,300,331.60706336824023,8560,153.78022632519358,98.37179487179488,0.035919540229885055,0.9640804597701149,316.1983329858337,311.8339519734972,0.03491050493864491,0.0344953342248706,161.6610593987407
2025-06-04,82,8448,240,336.2512952368251,8590,154.11868686868686,111.88311688311688,0.028409090909090908,0.9715909090909091,318.18422683567917,312.2333682221121,0.03446658938071377,0.034232940579897925,161.02586351812639
2025-06-05,85,8536,271,339.0061225944291,8702,154.77102199223805,113.13924050632912,0.03174789128397376,0.9682521087160263,319.65867817354734,315.54803860325177,0.033589049258841146,0.03399072449880931,161.39135393506976
2025-06-06,85,8864,255,354.1832681927669,9021,145.92283758556317,100.9753086419753,0.028768050541516245,0.9712319494584838,327.0218289286332,316.83896136695614,0.032618077399559846,0.03390528440852218,157.58915845014073
2025-06-07,80,8265,313,329.80538454468194,8477,149.0520156046814,101.33333333333333,0.03787053841500303,0.962129461584997,327.5451679854683,317.96712470407317,0.03319790793867363,0.034049817669795805,156.63899143461296
2025-06-08,81,8339,296,330.9705301365328,8543,151.6558230318803,106.5625,0.03549586281328696,0.964504137186713,334.37396447363477,319.0476262098126,0.032881336282460386,0.03408753772462588,152.6295337617771
2025-06-09,80,8298,288,330.42090261896794,8488,152.12732095490716,108.59740259740259,0.03470715835140998,0.96529284164859,336.0349380989206,319.35157384784213,0.03327401893488085,0.034203163717026294,151.63256176616437
2025-06-10,81,8234,273,324.97734136149444,8407,160.3980523432745,107.08219178082192,0.033155210104444985,0.966844789895555,335.08783495509977,320.03597284384335,0.032879114631246556,0.03419693909304162,152.57796548303307
2025-06-11,77,7905,281,315.06792973115756,8084,162.1019387116948,92.62666666666667,0.035547122074636305,0.9644528779253637,332.0616398828615,319.98929767290673,0.03389883336918161,0.03412398152697603,153.71843003203418
2025-06-12,68,6849,317,272.98901185612743,7085,174.69324712643677,110.36764705882354,0.046284129069937216,0.9537158709300628,322.63062406310416,318.4682540605065,0.03597543876717639,0.034512366762773014,156.5644621940626
2025-06-13,82,8421,269,335.27242979108803,8592,153.8235294117647,98.40277777777777,0.03194394964968531,0.9680560503503147,319.9290757200071,319.4058271342303,0.03642913863977197,0.034326570078154574,157.6931324549485
2025-06-15,72,7258,273,290.7205383899413,7444,173.34124830393486,117.34782608695652,0.03761366767704602,0.962386332322954,314.3455262693299,318.8387029652968,0.036392442820063826,0.03435793801085993,161.16302284055615
2025-06-16,80,8198,237,326.17557907299437,8335,163.02138057422113,121.42666666666666,0.028909490119541352,0.9710905098804586,313.66053326025303,319.1875395996938,0.03545153243524302,0.034235497187948175,162.7866739180334
2025-06-17,82,8390,250,336.50893479351635,8540,154.89143546441497,101.16883116883118,0.029797377830750895,0.9702026221692491,314.5302521423314,319.68882272495375,0.03475013521800601,0.03420253144402761,163.18154741939165
2025-06-18,85,8749,267,347.2378546177496,8918,147.8543165467626,101.87654320987654,0.03051777345982398,0.969482226540176,317.7103254646535,320.45600975107635,0.034373358554488725,0.03433193818015619,161.38958516274712
2025-06-19,84,8622,251,340.8479966973326,8773,149.9014715291107,114.75,0.02911157504059383,0.9708884249594062,321.3931921741071,322.3784073867794,0.033453994692482655,0.033932974924615666,159.64666127952083
2025-06-21,81,8301,283,330.1790389862847,8477,155.23507692307692,109.35897435897436,0.03409227803879051,0.9659077219612094,329.5631960498439,322.80985769141716,0.03171230168803313,0.03372526419088994,156.86692267904087
2025-06-22,78,7961,254,319.05579839254955,8126,159.24875311720697,95.07042253521126,0.0319055395050873,0.9680944604949127,327.24653442148116,322.5230554029148,0.03170681452451913,0.033674158309282595,157.64195463696115
2025-06-23,78,8018,261,318.0891822057483,8169,159.28144458281446,108.2,0.032551758543277624,0.9674482414567224,331.1563406808822,322.4208642800157,0.0309836846482665,0.033711597879772806,155.6334112482297
2025-06-24,83,8558,259,341.733469216427,8723,153.00584112149534,108.5,0.030264080392615095,0.9697359196073849,333.3788964156583,323.2331891025309,0.031177197544419888,0.03352279576910748,154.2026198978403
2025-06-25,80,8179,288,325.9038887807966,8375,158.6259724715739,94.30666666666667,0.03521212862208094,0.9647878713779191,331.8638898424127,324.4375210852164,0.031950733371752756,0.033426082791177945,154.73612518457728
2025-06-26,73,7284,226,316.3191992784889,7423,169.62097326936257,122.8955223880597,0.031026908292147173,0.9689730917078528,327.4469390796611,324.80083925183374,0.03202346691922749,0.03337041856937028,157.84564757352013
2025-06-27,77,7831,277,313.46721760043255,8020,160.52190476190475,105.85135135135135,0.03537223853913932,0.9646277614608607,323.53539920867536,323.94021796751747,0.03291784741901971,0.03362954799258723,159.36285232106212
2025-06-28,81,8374,259,333.00888685832774,8542,156.11389236545682,112.60759493670886,0.030929066157153094,0.9690709338428469,323.93966319039583,324.0526710618499,0.03246596000735722,0.03352021400005154,159.48839738425926
2025-06-30,70,6943,294,279.207552063694,7161,170.51946213729653,104.73529411764706,0.04234480772000576,0.9576551922799943,318.24705657198786,322.61458818770944,0.03395728403805986,0.03388115759689811,161.09849867284348
2025-07-01,85,8808,247,350.23084208964445,8955,150.3505032563647,109.1219512195122,0.02804268846503179,0.9719573115349682,322.8387222696873,323.3327841497192,0.033313131169739024,0.03355289147449643,159.8226499119221
2025-07-02,81,8365,267,334.32320735198897,8530,155.51057014734144,103.08974358974359,0.031918708906156605,0.9680812910938434,321.7801134319105,324.3888506312133,0.03354950667167352,0.03343135331948546,160.1804683441858
2025-07-03,83,8454,278,334.24843801565737,8637,155.4366529169122,104.80263157894737,0.03288384196829903,0.9671161580317009,322.9721918940334,324.65906486017406,0.033216894292561826,0.03340042389705521,159.72485126494843
2025-07-04,74,7498,249,301.2869888287573,7658,176.16098864395457,117.71428571428571,0.03320885569485196,0.966791144305148,320.82473325835747,325.26299933048705,0.033528601064376794,0.033250323606657625,160.65913917560442
2025-07-08,39,3491,130,275.17133322734026,3579,182.00887573964496,138.0857142857143,0.03723861357777141,0.9627613864222286,315.35389263363,323.80890752999943,0.03379522606989566,0.033426331399767785,163.72870645813873
2025-07-23,73,7407,268,296.5245224737817,7596,170.05566470203013,113.17808219178082,0.03618199000945052,0.9638180099905495,310.1418405786948,322.63948950018414,0.03454564376308101,0.0334350797257533,165.72038822050635
2025-07-24,2,123,2,244.14090803864372,123,238.95454545454547,233.0,0.016260162601626018,0.983739837398374,305.13232000368765,319.56914326024474,0.03081926588902676,0.0330301154488378,175.49682869439906
2025-07-29,74,7461,222,295.7942098547601,7598,181.90938936309914,125.41428571428571,0.029754724567752314,0.9702452754322477,297.35565825584706,318.1287461689225,0.031063842475129694,0.032963676558297086,180.00524099536113
2025-07-31,76,7754,274,309.9352993361921,7933,166.50286441756842,89.04285714285714,0.0353366004642765,0.9646633995357234,293.87167139644754,316.6538138737033,0.03155211269771825,0.03318262822238909,181.57556874825073
2025-08-04,81,8272,241,326.95342553163954,8403,163.16676847892487,116.84931506849315,0.02913442940038685,0.9708655705996132,292.8295267558735,316.55874857326853,0.031016482330873653,0.03289142458856856,182.67987097139536
2025-08-07,83,8511,240,336.3320139560004,8653,155.92944606413994,95.75641025641026,0.028198801550934086,0.9718011984490659,297.8359589169082,316.7374647005842,0.030300760310313955,0.03264818921315679,179.7896506028504
2025-08-08,79,8129,247,323.9553265564863,8291,159.3221476510067,103.45333333333333,0.030385041210480995,0.969614958789519,304.80510082107196,316.52194549850145,0.02932167854355818,0.03250411864179249,176.54868944733067
2025-08-09,28,2233,73,286.21689628365937,2276,185.25179856115108,144.84,0.032691446484549934,0.9673085535154501,303.3325827939116,315.2299306625736,0.028823029468572382,0.032488659854462656,178.71956571291938
2025-08-10,81,8245,286,327.48786582965425,8442,158.02097064110245,102.8625,0.03468768950879321,0.9653123104912068,315.23929104977026,315.6439285325235,0.03145553331245342,0.032460012102267885,167.15762645385607
2025-08-11,83,8407,242,332.1277120736783,8559,159.15737514518003,118.84415584415585,0.028785535862971334,0.9712144641370286,320.4297913667586,317.6152185397752,0.031317077783198984,0.03187672566203569,163.90733870843906
2025-08-14,74,7497,295,303.05358185596026,7712,164.3584779706275,104.67605633802818,0.03934907296251834,0.9606509270374817,319.4466888695826,316.5412569419376,0.03189028814009068,0.032123563105796796,163.6009977874475
2025-08-16,80,8149,260,321.86765602803774,8315,162.9035846724351,97.89333333333333,0.03190575530739968,0.9680942446926003,318.7201503690681,317.5794941965408,0.03228619184109251,0.031933299360141915,163.56340010080612
2025-08-17,79,8166,272,324.2359405971624,8334,159.73610262675626,98.3972602739726,0.03330884153808474,0.9666911584619152,316.9921398892341,317.51483958067973,0.033016197553542605,0.032079944407426696,164.10720818117989
2025-08-18,79,8065,257,321.65360561526415,8229,160.8380195599022,112.98648648648648,0.03186608803471792,0.9681339119652821,316.6633226119166,317.01966194140465,0.03322777567129074,0.0321489014142256,164.32376131102208
2025-08-19,78,7932,282,313.49610591531166,8123,164.14853946550653,112.31168831168831,0.03555219364599092,0.9644478063540091,320.56035255929555,315.89493698465674,0.03363645383721088,0.03231671542043116,161.3090100116443
2025-08-20,67,6690,250,299.83446954679374,6865,169.8492352512746,117.01587301587301,0.03736920777279522,0.9626307922272048,316.60986737602974,314.5278194129721,0.03401952787492545,0.03259196984483787,162.99876209881177
2025-08-21,28,3228,123,317.50944842988656,3321,167.16400580551525,71.88888888888889,0.03810408921933085,0.9618959107806692,314.52154399834524,314.10549972775885,0.03535074978297681,0.03272569688418922,164.14256647885964
2025-08-25,66,6775,290,276.5807404485013,6976,181.0500736377025,106.546875,0.042804428044280446,0.9571955719557196,310.73970951156537,312.6896644629572,0.035844371937514254,0.03308899316882899,166.52708014558465
2025-08-28,67,6714,169,300.57110049007315,6801,180.2393736017897,122.3,0.025171283884420612,0.9748287161155794,307.6973444347133,312.10572840576805,0.03488230459137438,0.03284297734686709,169.0036214212067
2025-08-30,79,8072,272,322.77763068338504,8253,162.30834856794638,107.92957746478874,0.03369672943508424,0.9663032705649157,307.4890144470308,311.47386712133334,0.0349377171480886,0.03295739898161606,169.371085127091
2025-08-31,82,8317,256,326.04950797979393,8472,158.46153846153845,104.58441558441558,0.0307803294457136,0.9692196705542864,308.1170004991065,311.4787210946333,0.03478260877823085,0.03280967234240382,169.03158782732478
2025-09-01,83,8498,251,341.2141082237115,8654,157.38511137162953,112.55844155844156,0.02953636149682278,0.9704636385031772,312.0767151145922,312.3085513928073,0.033923204185492536,0.03275998744922634,168.06538381391377
2025-09-03,83,8478,249,336.0610724271923,8617,155.5423620025674,113.5375,0.02937013446567587,0.9706298655343242,317.2519440975062,313.0616798870326,0.03278047942733263,0.03255991731344422,166.02154477838417
2025-09-04,84,8646,238,342.4587663171545,8783,150.9163023110556,109.675,0.027527180198935925,0.972472819801064,320.816132367116,313.3766758689935,0.031269492424419065,0.032446521114836986,163.70044427917566
2025-09-05,81,8276,234,332.12510892551126,8420,158.77571251548946,117.25974025974025,0.028274528757854037,0.9717254712421459,328.7510421495459,315.1405944310541,0.02919379252635815,0.03197751181609859,160.51839269028807
2025-09-06,80,8148,264,324.798581435714,8311,158.26283240568955,103.8076923076923,0.03240058910162003,0.96759941089838,332.21211085606603,314.29285240925645,0.030226550414529495,0.032122775170651534,157.3788868051309
2025-09-07,75,7590,275,318.69621103711415,7763,159.76730388925512,97.22857142857143,0.036231884057971016,0.9637681159420289,331.6290509065988,313.7719525320939,0.030588715360656177,0.032266547675712014,157.01588042246073
2025-09-08,80,8114,281,324.78296546258855,8300,154.57701564380264,100.90666666666667,0.03463150110919398,0.965368498890806,331.44811626128376,313.45643678032496,0.031138882741153378,0.03232480298040851,156.46094859135562
2025-09-09,80,8150,279,325.91856783341166,8335,158.4052089642641,101.93333333333334,0.03423312883435583,0.9657668711656442,329.2630390626695,314.2774894138135,0.0318098495036581,0.032358945418391974,156.60667681887483
2025-09-10,83,8522,282,337.2068100068404,8702,151.26470588235293,103.80246913580247,0.03309082375029336,0.9669091762497066,329.4267158597621,316.3453386397968,0.03234137654431774,0.03222068575747604,155.9955830874156
2025-09-15,28,2162,63,277.50274163989104,2197,185.8609756097561,161.36,0.029139685476410732,0.9708603145235892,320.1472837630102,315.7112792786671,0.032571734441099856,0.03198594227304138,160.98767927294426
2025-09-16,80,8229,269,330.6478773383372,8403,154.84711779448622,101.41558441558442,0.032689269656094304,0.9673107303439057,319.93625067912814,318.5948449219902,0.03320241171227704,0.03253357917485698,160.42645145565808
2025-09-17,82,8412,273,333.20520664964425,8588,155.6196101594802,96.78947368421052,0.03245363766048502,0.967546362339515,321.137197138261,319.8418781484864,0.033209990077829175,0.032623542944614746,160.04884827762817
2025-09-18,80,8174,265,324.7228301509555,8346,159.47799511002444,96.41095890410959,0.032419867873746025,0.9675801321262539,321.9981427259527,320.33479584231185,0.032665416337225604,0.032526318524930396,160.0075184520238
2025-09-19,80,8152,254,322.5426620781171,8308,159.55064456721917,99.41666666666667,0.03115799803729146,0.9688420019627085,321.6780993853139,320.18777039386106,0.032169201612668105,0.032593770812827216,160.71803686965472
2025-09-21,74,7557,293,302.95151909827706,7768,164.2684876748834,99.51428571428572,0.038771999470689426,0.9612280005293106,318.3970924231518,319.07508723193695,0.032817611703572905,0.03294621074348573,161.5556481140289
2025-09-22,73,7387,290,297.3974731931451,7582,171.4663526244953,105.01449275362319,0.03925815622038717,0.9607418437796128,312.71004430690954,318.1898254531589,0.03369865919930059,0.033241981243815936,164.4415976486207
2025-09-23,79,8091,271,320.2685649889961,8261,163.83899821109122,110.97368421052632,0.03349400568532938,0.9665059943146707,318.819447642496,319.3248810766701,0.034320704943431826,0.03326873321717525,161.29560087738287
2025-09-24,76,7767,264,307.330473334062,7945,167.89028213166145,111.61643835616438,0.03398995751255311,0.9660100424874469,315.4883899275996,318.65296799348374,0.034506517494354516,0.033245475483967245,163.1589100684079
2025-09-26,78,7819,273,312.2781139766342,8008,162.3043206011271,111.97402597402598,0.03491495076096687,0.9650850492390332,312.4988052600267,317.99131472358226,0.03485813365156621,0.03344978931390043,164.11386870292887
2025-09-29,76,7665,270,306.3546086413306,7844,164.48209718670077,93.04109589041096,0.03522504892367906,0.9647749510763209,309.8747736157946,318.10134894976125,0.03525887380155664,0.033312321845939116,164.82874042816835
2025-09-30,74,7410,274,294.76732195741124,7595,175.819795221843,118.52857142857142,0.03697705802968961,0.9630229419703104,305.9068678842652,317.1980044807404,0.03609016808618495,0.033481365270015453,167.15290480740032
2025-10-05,74,7569,282,300.36211341451764,7772,165.94404213298222,106.44594594594595,0.0372572334522394,0.9627427665477606,305.53695278658535,316.4022102413189,0.035873772940692085,0.033612978333820605,167.39226972998588
2025-10-06,75,7562,252,304.1731854445011,7730,168.15939153439155,101.91428571428571,0.0333245173234594,0.9666754826765406,306.50491167963617,315.81952956896015,0.035026110241130975,0.03366159264344532,166.9198467171139
2025-10-07,84,8600,269,341.15983484315456,8750,150.08218356328734,101.86075949367088,0.03127906976744186,0.9687209302325581,309.48937880165875,316.7416538665549,0.03470969082428991,0.03351915518082702,164.95458748171336
2025-10-11,74,7478,297,298.21939069167206,7692,163.43673469387755,104.93150684931507,0.03971650173843273,0.9602834982615672,308.1877955670316,316.68781790471746,0.03552776857084413,0.033597398313014934,164.3183664191728
2025-10-13,75,7679,255,311.4233820899392,7844,172.76878238341968,110.36619718309859,0.03320744888657377,0.9667925511134262,308.0656910117895,316.4849490267192,0.03528383973164512,0.033434176968589704,165.81328953092887
2025-10-17,84,8576,269,342.2828473585211,8753,152.49273607748185,101.24358974358974,0.03136660447761194,0.968633395522388,313.19829654281665,318.6750192570533,0.03473263338220696,0.03305291618303409,164.10052365818333
2025-10-18,78,8034,263,323.3268907008453,8200,161.63203753351206,114.19718309859155,0.03273587254169778,0.9672641274583023,317.27823493473585,319.4335455974123,0.03412674974106527,0.033305069138276654,162.0737011312789
2025-10-19,83,8403,285,333.61592321484017,8588,155.18724158298878,107.35802469135803,0.033916458407711535,0.9660835415922885,322.0287791919248,319.79482201512747,0.033649496163275575,0.03331239343736423,160.5370153384227
2025-10-20,71,7145,223,291.8793428518891,7288,180.0089102124743,104.64615384615385,0.031210636808957314,0.9687893631910427,320.2725159644088,318.65581651086393,0.03334751323263242,0.03332673701613902,162.22980372100594
2025-10-22,68,6797,217,333.29420140192406,6933,153.94401244167963,106.64516129032258,0.03192584963954686,0.9680741503604532,319.14885404423296,318.3918196168044,0.03343991035721885,0.03340638662089649,162.78149356077625
2025-10-23,81,8266,267,333.76716710927815,8438,153.71025641025642,110.38157894736842,0.03230099201548512,0.9676990079845149,324.2271078181767,318.3153561062073,0.03238055182536919,0.0335040818725568,161.3919966631161
2025-10-24,73,7481,231,339.7366345204378,7635,153.80434782608697,123.28571428571429,0.030878224836251838,0.9691217751637482,328.27185816539077,318.22461837965005,0.032047805532466056,0.03361578336046733,158.68279172635428
2025-10-26,79,8185,267,332.3155570382115,8370,155.89055659787368,97.35135135135135,0.032620647525962124,0.9673793524740378,326.84795954820373,318.2309666500734,0.03222695453937323,0.03376065398607094,159.16819465783882
2025-10-27,82,8321,288,329.2921875915186,8517,156.13581730769232,104.16666666666667,0.03461122461242639,0.9653887753875736,327.7001448182999,318.38075352193357,0.03249486197804874,0.03383434183643115,158.38302033986457
2025-10-30,78,7864,278,311.7363968445597,8055,164.52060875079263,113.5,0.03535096642929807,0.964649033570702,324.57449819397414,318.14875971551504,0.03269979169541824,0.03380497791547538,159.71635850669372
2025-10-31,86,8881,306,353.16930779856904,9081,142.45238095238096,95.78823529411764,0.03445557932665241,0.9655444206733476,333.33020747207127,319.09497112671437,0.03316335491223183,0.033799113856057335,154.3511400409661
2025-11-02,78,8061,319,321.170295594732,8294,153.10360655737705,100.58441558441558,0.03957325393871728,0.9604267460612828,331.59822092818666,318.9366953854251,0.034255841240684745,0.033977118026202714,154.23108205749426
2025-11-03,79,8163,254,325.48274352922755,8328,158.6974734042553,104.13333333333334,0.031116011270366287,0.9688839887296337,330.4147318453223,318.54589316950467,0.03408655827709634,0.03391129094353848,154.94354162806556
2025-11-04,71,7306,226,291.24652804992166,7457,182.17012687427913,110.08955223880596,0.030933479332055844,0.9690665206679442,323.48757377810574,319.0040193831723,0.03409445177649691,0.03397108407205998,158.99579577780727
2025-11-05,77,8024,273,314.70000101597685,8207,164.82114255205553,92.61111111111111,0.034022931206380856,0.9659770687936191,320.97106577492934,318.47242350576033,0.03429477801655673,0.03401553945706954,160.27159377126185
2025-11-06,75,7682,242,307.880070766628,7837,167.76152737752162,102.27142857142857,0.0315022129653736,0.9684977870346264,317.9121919428021,317.6282523096598,0.03385063349554919,0.033983825300565824,161.9324094955232
2025-11-09,75,7854,251,310.8627263498408,8021,161.4915715062534,86.98591549295774,0.031958237840590785,0.9680417621594092,317.7873818721279,317.1662488496226,0.03336595798287672,0.033968437632793974,161.49968988916044
2025-11-10,79,8083,275,326.00067594793165,8272,160.12346477052358,115.54285714285714,0.034022021526660895,0.9659779784733391,313.90614875060834,317.2815159786165,0.03330402115430651,0.03406390508243962,164.02413043460936
2025-11-11,79,8041,272,319.8739666298266,8222,162.88621997471554,112.94736842105263,0.03382663847780127,0.9661733615221987,313.72095889847907,317.84559756300143,0.03248307608846136,0.03389905971601002,165.4216466370863
2025-11-12,81,8427,273,342.50361515894434,8597,148.13176777560338,99.43835616438356,0.032395870416518334,0.9676041295834816,316.15251198843856,319.349135628528,0.03266591310934023,0.03367031685588106,163.91226011870745
2025-11-13,82,8418,315,336.2880076386721,8640,148.9305804907241,98.28205128205128,0.03741981468282252,0.9625801853171775,322.58700907254575,319.883117050184,0.03359253244516404,0.033801177155797495,159.1637534924853
2025-11-15,86,8888,271,356.435876132932,9062,142.07121119902618,96.90361445783132,0.030490549054905492,0.9695094509450946,328.54927694639656,321.5199638101463,0.0330879064235247,0.03368453020720925,155.91376329919538
2025-11-16,84,8686,269,343.491460817698,8859,148.1744923857868,103.4,0.03096937600736818,0.9690306239926318,333.6366183822637,322.56040870484844,0.03301178685809535,0.03355301104875595,153.11561544323328
2025-11-17,81,8399,317,336.6157061155131,8618,151.1132561132561,96.33333333333333,0.03774258840338136,0.9622574115966186,337.3156154916454,323.56911195398783,0.033838122652779724,0.033636929031412695,151.6329989585194
2025-11-18,86,9054,314,346.6528559402509,9269,147.0061919504644,105.01162790697674,0.03468080406450188,0.9653191959354981,340.2659269191196,325.29862975341587,0.03393223444389986,0.03356038723257311,149.75910284136808
2025-11-20,2,234,3,341.7057636486894,235,159.11111111111111,0.0,0.01282051282051282,0.9871794871794872,343.3847550646714,326.6767514278882,0.030931359350001512,0.03274582987818222,149.2198015751389
2025-11-21,9,564,17,225.2573233875133,572,244.83838383838383,209.125,0.030141843971631204,0.9698581560283688,326.63528481160984,324.0462226926553,0.030609355572160494,0.03263974076645461,163.0350324412504
